src_subject_id,param_session_id,run_num,param_counterbalance_ver,param_AR_invalid_sequence,param_valid_type,param_cue_location,param_target_location,param_trigger_onset,param_start_biopac,event01_param_jitter,event01_fixation_onset,event01_fixation_onset_biopac,event01_fixation_duration,event02_cue_type,event02_cue_onset,event02_cue_onset_biopac,event02_cue_duration,event03_target_type,event03_target_onset,event03_target_onset_biopac,event04_response_key,event04_response_keyname,event04_response_onset,event04_RT,event04_fixation_remainder_onset,event04_fixation_duration,event05_fixation_onset,event05_fixation_onset_biopac,param_end_instruct_onset,param_end_biopac,param_experiment_duration,RAW_event01_fixation_onset,RAW_event01_fixation_onset_biopac,RAW_event02_cue_onset,RAW_event02_cue_onset_biopac,RAW_event03_target_onset,RAW_event03_target_onset_biopac,RAW_event04_response_onset,RAW_event04_fixation_remainder_onset,RAW_event05_fixation_onset,RAW_event05_fixation_onset_biopac,RAW_param_end_instruct_onset,RAW_param_end_biopac,accuracy
90,4,1,90,1,invalid,right,left,1642113831.81682,1642113831.82805,1.7,5.55672073364258,5.56508803367615,1.70175743103027,right,7.27402687072754,7.27519011497498,0.185307264328003,left,7.50744843482971,7.5102071762085,1,left,7.91138219833374,0.403933763504028,8.42445588111877,1.09606623649597,9.52486705780029,9.5269570350647,596.859289159775,596.861131181717,599.619289159775,1642113834.61354,1642113834.62191,1642113836.33085,1642113836.33201,1642113836.56427,1642113836.56703,1642113836.9682,1642113837.48128,1642113838.58169,1642113838.58378,1642114431.43611,1642114431.43795,1
90,4,1,90,0,valid,left,left,1642113831.81682,1642113831.82805,5,9.89167094230652,9.8935170173645,5.00141406059265,left,14.9102091789246,14.9121930599213,0.182564973831177,left,15.1102826595306,15.1122210025787,1,left,15.5805771350861,0.47029447555542,16.0939831733704,1.02970552444458,17.127701997757,17.1292741298676,596.859289159775,596.861131181717,599.619289159775,1642113838.94849,1642113838.95034,1642113843.96703,1642113843.96901,1642113844.1671,1642113844.16904,1642113844.6374,1642113845.1508,1642113846.18452,1642113846.18609,1642114431.43611,1642114431.43795,1
90,4,1,90,1,invalid,left,right,1642113831.81682,1642113831.82805,4.3,17.3777952194214,17.3796970844269,4.30148196220398,left,21.6960723400116,21.6979269981384,0.182752847671509,right,21.896146774292,21.8977880477905,2,right,22.1714160442352,0.275269269943237,22.679771900177,1.22473073005676,23.9135663509369,23.9154801368713,596.859289159775,596.861131181717,599.619289159775,1642113846.43462,1642113846.43652,1642113850.75289,1642113850.75475,1642113850.95297,1642113850.95461,1642113851.22824,1642113851.73659,1642113852.97039,1642113852.9723,1642114431.43611,1642114431.43795,1
90,4,1,90,1,invalid,right,left,1642113831.81682,1642113831.82805,0.5,24.1469860076904,24.1612401008606,0.501396179199219,right,24.6638457775116,24.6652841567993,0.184165239334106,left,24.8639209270477,24.8663241863251,1,left,25.2402009963989,0.376280069351196,25.7475821971893,1.1237199306488,26.8813393115997,26.8831441402435,596.859289159775,596.861131181717,599.619289159775,1642113853.20381,1642113853.21806,1642113853.72067,1642113853.7221,1642113853.92074,1642113853.92314,1642113854.29702,1642113854.8044,1642113855.93816,1642113855.93996,1642114431.43611,1642114431.43795,1
90,4,1,90,0,valid,right,right,1642113831.81682,1642113831.82805,0.8,27.114759683609,27.1239960193634,0.802164316177368,right,27.9317307472229,27.9446811676025,0.184049367904663,right,28.1318066120148,28.1334002017975,2,right,28.4969069957733,0.365100383758545,29.015468120575,1.13489961624146,30.1492247581482,30.1581201553345,596.859289159775,596.861131181717,599.619289159775,1642113856.17158,1642113856.18082,1642113856.98855,1642113857.0015,1642113857.18863,1642113857.19022,1642113857.55373,1642113858.07229,1642113859.20604,1642113859.21494,1642114431.43611,1642114431.43795,1
90,4,1,90,0,valid,right,right,1642113831.81682,1642113831.82805,0.9,30.4159908294678,30.4230079650879,0.901715278625488,right,31.3329989910126,31.3396739959717,0.184054136276245,right,31.5330739021301,31.5394501686096,2,right,31.8219931125641,0.28891921043396,32.3333728313446,1.21108078956604,33.5504930019379,33.5562210083008,596.859289159775,596.861131181717,599.619289159775,1642113859.47281,1642113859.47983,1642113860.38982,1642113860.39649,1642113860.58989,1642113860.59627,1642113860.87881,1642113861.39019,1642113862.60731,1642113862.61304,1642114431.43611,1642114431.43795,1
90,4,1,90,1,invalid,right,left,1642113831.81682,1642113831.82805,1.7,33.7839140892029,33.7857921123505,1.70119905471802,right,35.501220703125,35.5061621665955,0.184040307998657,left,35.7012944221497,35.706041097641,1,left,36.0821251869202,0.380830764770508,36.6016309261322,1.11916923522949,37.7187144756317,37.7230911254883,596.859289159775,596.861131181717,599.619289159775,1642113862.84073,1642113862.84261,1642113864.55804,1642113864.56298,1642113864.75811,1642113864.76286,1642113865.13895,1642113865.65845,1642113866.77553,1642113866.77991,1642114431.43611,1642114431.43795,1
90,4,1,90,0,valid,right,right,1642113831.81682,1642113831.82805,8.4,37.9521350860596,37.9559621810913,8.40110206604004,right,46.3719408512115,46.3733491897583,0.181043148040771,right,46.5720162391663,46.5738461017609,2,right,46.8554580211639,0.283441781997681,47.3723137378693,1.21655821800232,48.5894351005554,48.5913631916046,596.859289159775,596.861131181717,599.619289159775,1642113867.00896,1642113867.01278,1642113875.42876,1642113875.43017,1642113875.62884,1642113875.63067,1642113875.91228,1642113876.42913,1642113877.64626,1642113877.64818,1642114431.43611,1642114431.43795,1
90,4,1,90,1,invalid,left,right,1642113831.81682,1642113831.82805,4.8,48.8228552341461,48.8245131969452,4.80122375488281,left,53.6413192749023,53.6433680057526,0.182548761367798,right,53.8413927555084,53.8454740047455,1,left,54.0671470165253,0.225754261016846,54.5916731357574,1.27424573898315,55.8588118553162,55.8603291511536,596.859289159775,596.861131181717,599.619289159775,1642113877.87968,1642113877.88133,1642113882.69814,1642113882.70019,1642113882.89821,1642113882.90229,1642113883.12397,1642113883.64849,1642113884.91563,1642113884.91715,1642114431.43611,1642114431.43795,0
90,4,1,90,1,invalid,right,left,1642113831.81682,1642113831.82805,1.5,56.0922327041626,56.0938620567322,1.50114727020264,right,57.6094653606415,57.6113719940186,0.183672666549683,left,57.809540271759,57.8245069980621,1,left,58.178750038147,0.369209766387939,58.6932032108307,1.13079023361206,59.8269588947296,59.839723110199,596.859289159775,596.861131181717,599.619289159775,1642113885.14905,1642113885.15068,1642113886.66629,1642113886.66819,1642113886.86636,1642113886.88133,1642113887.23557,1642113887.75002,1642113888.88378,1642113888.89654,1642114431.43611,1642114431.43795,1
90,4,1,90,0,valid,right,right,1642113831.81682,1642113831.82805,0.5,60.0603790283203,60.0620579719543,0.50115704536438,right,60.5772395133972,60.5843691825867,0.184004545211792,right,60.7773132324219,60.7787380218506,2,right,61.1228270530701,0.345513820648193,61.6443026065826,1.15448617935181,62.794732093811,62.8056621551514,596.859289159775,596.861131181717,599.619289159775,1642113889.1172,1642113889.11888,1642113889.63406,1642113889.64119,1642113889.83413,1642113889.83556,1642113890.17965,1642113890.70112,1642113891.85155,1642113891.86248,1642114431.43611,1642114431.43795,1
90,4,1,90,1,invalid,right,left,1642113831.81682,1642113831.82805,5,63.0281519889832,63.0296530723572,5.00127816200256,right,68.0466916561127,68.0482680797577,0.182062387466431,left,68.2467648983002,68.2478630542755,1,left,68.579715013504,0.332950115203857,69.0970828533173,1.16704988479614,70.2641851902008,70.2726831436157,596.859289159775,596.861131181717,599.619289159775,1642113892.08497,1642113892.08647,1642113897.10351,1642113897.10509,1642113897.30358,1642113897.30468,1642113897.63653,1642113898.1539,1642113899.32101,1642113899.3295,1642114431.43611,1642114431.43795,1
90,4,1,90,0,valid,left,left,1642113831.81682,1642113831.82805,2.1,70.4976048469543,70.4991321563721,2.10130429267883,left,72.6150603294373,72.6172859668732,0.1836256980896,left,72.815135717392,72.8228440284729,1,left,73.2017750740051,0.386639356613159,73.7154712677002,1.11336064338684,74.8325555324554,74.8393959999084,596.859289159775,596.861131181717,599.619289159775,1642113899.55442,1642113899.55595,1642113901.67188,1642113901.67411,1642113901.87196,1642113901.87966,1642113902.25859,1642113902.77229,1642113903.88938,1642113903.89622,1642114431.43611,1642114431.43795,1
90,4,1,90,0,valid,left,left,1642113831.81682,1642113831.82805,0.9,75.065975189209,75.0676991939545,0.90108585357666,left,75.9829840660095,75.9902231693268,0.184705018997192,left,76.1830594539642,76.1894190311432,1,left,76.5452950000763,0.362235546112061,77.0500483512878,1.13776445388794,78.2004771232605,78.2024672031403,596.859289159775,596.861131181717,599.619289159775,1642113904.1228,1642113904.12452,1642113905.0398,1642113905.04704,1642113905.23988,1642113905.24624,1642113905.60211,1642113906.10687,1642113907.2573,1642113907.25929,1642114431.43611,1642114431.43795,1
90,4,1,90,1,invalid,right,left,1642113831.81682,1642113831.82805,0.9,78.4338982105255,78.4397001266479,0.90114688873291,right,79.3509058952332,79.3561220169067,0.183876276016235,left,79.5509805679321,79.5528111457825,1,left,79.9160301685333,0.365049600601196,80.4346444606781,1.1349503993988,81.5684003829956,81.5726361274719,596.859289159775,596.861131181717,599.619289159775,1642113907.49072,1642113907.49652,1642113908.40773,1642113908.41294,1642113908.6078,1642113908.60963,1642113908.97285,1642113909.49146,1642113910.62522,1642113910.62946,1642114431.43611,1642114431.43795,1
90,4,1,90,1,invalid,left,right,1642113831.81682,1642113831.82805,4.1,81.8018217086792,81.8058850765228,4.10121846199036,left,85.920022726059,85.9226331710815,0.182642459869385,right,86.1200971603394,86.1228241920471,2,right,86.4680721759796,0.347975015640259,86.987087726593,1.15202498435974,88.1375172138214,88.1413521766663,596.859289159775,596.861131181717,599.619289159775,1642113910.85864,1642113910.8627,1642113914.97684,1642113914.97945,1642113915.17692,1642113915.17964,1642113915.52489,1642113916.04391,1642113917.19434,1642113917.19817,1642114431.43611,1642114431.43795,1
90,4,1,90,1,invalid,right,left,1642113831.81682,1642113831.82805,5.9,88.3709371089935,88.3722891807556,5.90121102333069,right,94.2898108959198,94.2912130355835,0.182015180587769,left,94.4898850917816,94.4915301799774,1,left,94.8285970687866,0.338711977005005,95.3402018547058,1.161288022995,96.5073046684265,96.5086660385132,596.859289159775,596.861131181717,599.619289159775,1642113917.42776,1642113917.42911,1642113923.34663,1642113923.34803,1642113923.54671,1642113923.54835,1642113923.88542,1642113924.39702,1642113925.56412,1642113925.56549,1642114431.43611,1642114431.43795,1
90,4,1,90,0,valid,left,left,1642113831.81682,1642113831.82805,0.6,96.7407250404358,96.7424931526184,0.601161956787109,left,97.357622385025,97.3601861000061,0.184071779251099,left,97.5576961040497,97.5594141483307,1,left,97.9307379722595,0.373041868209839,98.4413583278656,1.12695813179016,99.5751149654388,99.5766870975494,596.859289159775,596.861131181717,599.619289159775,1642113925.79754,1642113925.79931,1642113926.41444,1642113926.41701,1642113926.61452,1642113926.61623,1642113926.98756,1642113927.49818,1642113928.63193,1642113928.63351,1642114431.43611,1642114431.43795,1
90,4,1,90,0,valid,right,right,1642113831.81682,1642113831.82805,1.4,99.808536529541,99.8101360797882,1.4012246131897,right,101.225729703903,101.230063199997,0.183621406555176,right,101.425804853439,101.427178144455,2,right,101.739757061005,0.313952207565308,102.259449243546,1.18604779243469,103.443225383759,103.445414066315,596.859289159775,596.861131181717,599.619289159775,1642113928.86536,1642113928.86696,1642113930.28255,1642113930.28688,1642113930.48262,1642113930.484,1642113930.79658,1642113931.31627,1642113932.50005,1642113932.50223,1642114431.43611,1642114431.43795,1
90,4,1,90,1,invalid,left,right,1642113831.81682,1642113831.82805,0.7,103.65997171402,103.672669172287,0.701215267181396,left,104.37690615654,104.384123086929,0.183966875076294,right,104.576979875565,104.578354120255,2,right,105.001475095749,0.424495220184326,105.510662078857,1.07550477981567,106.594399690628,106.596369981766,596.859289159775,596.861131181717,599.619289159775,1642113932.71679,1642113932.72949,1642113933.43373,1642113933.44094,1642113933.6338,1642113933.63517,1642113934.0583,1642113934.56748,1642113935.65122,1642113935.65319,1642114431.43611,1642114431.43795,1
90,4,1,90,0,valid,right,right,1642113831.81682,1642113831.82805,0.9,106.827819347382,106.829415082932,0.901167631149292,right,107.744828462601,107.746194124222,0.183927536010742,right,107.9449031353,107.946244001389,2,right,108.244026184082,0.299123048782349,108.761874437332,1.20087695121765,109.962322711945,109.964509010315,596.859289159775,596.861131181717,599.619289159775,1642113935.88464,1642113935.88623,1642113936.80165,1642113936.80301,1642113937.00172,1642113937.00306,1642113937.30085,1642113937.81869,1642113939.01914,1642113939.02133,1642114431.43611,1642114431.43795,1
90,4,1,90,1,invalid,left,right,1642113831.81682,1642113831.82805,5,110.195743322372,110.206226110458,5.00118184089661,left,115.214280128479,115.215665102005,0.182471036911011,right,115.414354801178,115.415973186493,2,right,115.74473118782,0.330376386642456,116.264671802521,1.16962361335754,117.431773662567,117.433705091476,596.859289159775,596.861131181717,599.619289159775,1642113939.25256,1642113939.26305,1642113944.2711,1642113944.27249,1642113944.47117,1642113944.47279,1642113944.80155,1642113945.32149,1642113946.48859,1642113946.49053,1642114431.43611,1642114431.43795,1
90,4,1,90,1,invalid,right,left,1642113831.81682,1642113831.82805,2.1,117.665194511414,117.666189193726,2.10136747360229,right,119.782651662827,119.784340143204,0.183386325836182,left,119.982725858688,119.984292984009,1,left,120.352080106735,0.369354248046875,120.866389036179,1.13064575195312,122.000145196915,122.005858182907,596.859289159775,596.861131181717,599.619289159775,1642113946.72201,1642113946.72301,1642113948.83947,1642113948.84116,1642113949.03955,1642113949.04111,1642113949.4089,1642113949.92321,1642113951.05697,1642113951.06268,1642114431.43611,1642114431.43795,1
90,4,1,90,0,valid,left,left,1642113831.81682,1642113831.82805,2.6,122.233565568924,122.239190101624,2.60129547119141,left,124.851207733154,124.855955123901,0.183220386505127,left,125.05128288269,125.056207180023,1,left,125.37241101265,0.321128129959106,125.884926080704,1.17887187004089,127.068701505661,127.07266497612,596.859289159775,596.861131181717,599.619289159775,1642113951.29039,1642113951.29601,1642113953.90803,1642113953.91278,1642113954.1081,1642113954.11303,1642113954.42923,1642113954.94175,1642113956.12552,1642113956.12948,1642114431.43611,1642114431.43795,1
90,4,1,90,1,invalid,left,right,1642113831.81682,1642113831.82805,0.7,127.302121162415,127.30387711525,0.701210021972656,left,128.019055366516,128.022842168808,0.183934688568115,right,128.219131231308,128.222650051117,2,right,128.589002132416,0.369870901107788,129.102793216705,1.13012909889221,130.236550092697,130.243522167206,596.859289159775,596.861131181717,599.619289159775,1642113956.35894,1642113956.3607,1642113957.07588,1642113957.07966,1642113957.27595,1642113957.27947,1642113957.64582,1642113958.15961,1642113959.29337,1642113959.30034,1642114431.43611,1642114431.43795,1
90,4,1,90,1,invalid,left,right,1642113831.81682,1642113831.82805,4.6,130.469970226288,130.472805976868,4.60117197036743,left,135.088358640671,135.089992046356,0.182397365570068,right,135.288433551788,135.289887189865,2,right,135.644016027451,0.355582475662231,136.155422925949,1.14441752433777,137.305852651596,137.307147979736,596.859289159775,596.861131181717,599.619289159775,1642113959.52679,1642113959.52963,1642113964.14518,1642113964.14681,1642113964.34525,1642113964.34671,1642113964.70084,1642113965.21224,1642113966.36267,1642113966.36397,1642114431.43611,1642114431.43795,1
90,4,1,90,1,invalid,right,left,1642113831.81682,1642113831.82805,1.3,137.539273262024,137.541030168533,1.30128479003906,right,138.856431245804,138.857834100723,0.183741807937622,left,139.05650472641,139.058264970779,1,left,139.413480997086,0.356976270675659,139.923495292664,1.14302372932434,141.073924064636,141.077063083649,596.859289159775,596.861131181717,599.619289159775,1642113966.59609,1642113966.59785,1642113967.91325,1642113967.91465,1642113968.11332,1642113968.11508,1642113968.4703,1642113968.98032,1642113970.13074,1642113970.13388,1642114431.43611,1642114431.43795,1
90,4,1,90,1,invalid,left,right,1642113831.81682,1642113831.82805,0.5,141.307344675064,141.308996200562,0.501403331756592,left,141.824204206467,141.825643062592,0.184008836746216,right,142.024278879166,142.02565407753,2,right,142.454534053802,0.430255174636841,142.957960367203,1.06974482536316,144.041697978973,144.045642137527,596.859289159775,596.861131181717,599.619289159775,1642113970.36416,1642113970.36582,1642113970.88102,1642113970.88246,1642113971.0811,1642113971.08247,1642113971.51135,1642113972.01478,1642113973.09852,1642113973.10246,1642114431.43611,1642114431.43795,1
90,4,1,90,0,valid,left,left,1642113831.81682,1642113831.82805,0.9,144.275117635727,144.276796102524,0.901147365570068,left,145.192127227783,145.193489074707,0.18388295173645,left,145.392200469971,145.393638134003,1,left,145.716109037399,0.323908567428589,146.225845813751,1.17609143257141,147.409620046616,147.410967111588,596.859289159775,596.861131181717,599.619289159775,1642113973.33194,1642113973.33362,1642113974.24895,1642113974.25031,1642113974.44902,1642113974.45046,1642113974.77293,1642113975.28267,1642113976.46644,1642113976.46779,1642114431.43611,1642114431.43795,1
90,4,1,90,0,valid,left,left,1642113831.81682,1642113831.82805,0.8,147.643041133881,147.644659042358,0.801219940185547,left,148.460012435913,148.461492061615,0.183950662612915,left,148.660087347031,148.661437034607,1,left,148.948714017868,0.288626670837402,149.460385084152,1.2113733291626,150.677505493164,150.678920030594,596.859289159775,596.861131181717,599.619289159775,1642113976.69986,1642113976.70148,1642113977.51683,1642113977.51831,1642113977.71691,1642113977.71826,1642113978.00553,1642113978.5172,1642113979.73433,1642113979.73574,1642114431.43611,1642114431.43795,1
90,4,1,90,1,invalid,right,left,1642113831.81682,1642113831.82805,1.1,150.91092634201,150.912490129471,1.10137581825256,right,152.028008937836,152.02946305275,0.183801174163818,left,152.228084087372,152.229755163193,1,left,152.591053009033,0.362968921661377,153.111747741699,1.13703107833862,154.24550318718,154.24735212326,596.859289159775,596.861131181717,599.619289159775,1642113979.96775,1642113979.96931,1642113981.08483,1642113981.08628,1642113981.2849,1642113981.28658,1642113981.64787,1642113982.16857,1642113983.30232,1642113983.30417,1642114431.43611,1642114431.43795,1
90,4,1,90,0,valid,right,right,1642113831.81682,1642113831.82805,1.2,154.478923082352,154.480656147003,1.20122504234314,right,155.696044206619,155.699172019958,0.183773994445801,right,155.8961186409,155.900109052658,2,right,156.181913137436,0.285794496536255,156.696416854858,1.21420550346375,157.913537502289,157.914781093597,596.859289159775,596.861131181717,599.619289159775,1642113983.53574,1642113983.53748,1642113984.75286,1642113984.75599,1642113984.95294,1642113984.95693,1642113985.23873,1642113985.75324,1642113986.97036,1642113986.9716,1642114431.43611,1642114431.43795,1
90,4,1,90,0,valid,right,right,1642113831.81682,1642113831.82805,4.2,158.146957874298,158.148684978485,4.20128726959229,right,162.365197181702,162.366651058197,0.182637929916382,right,162.565272331238,162.566642045975,2,right,162.82704615593,0.261773824691772,163.332225084305,1.23822617530823,164.58269071579,164.58441901207,596.859289159775,596.861131181717,599.619289159775,1642113987.20378,1642113987.2055,1642113991.42202,1642113991.42347,1642113991.62209,1642113991.62346,1642113991.88387,1642113992.38905,1642113993.63951,1642113993.64124,1642114431.43611,1642114431.43795,1
90,4,1,90,1,invalid,left,right,1642113831.81682,1642113831.82805,4.6,164.816112518311,164.817459106445,4.6010205745697,left,169.434501647949,169.436251163483,0.182543516159058,right,169.634575128555,169.636017084122,2,right,169.98714017868,0.352565050125122,170.501565217972,1.14743494987488,171.651993513107,171.656378984451,596.859289159775,596.861131181717,599.619289159775,1642113993.87293,1642113993.87428,1642113998.49132,1642113998.49307,1642113998.6914,1642113998.69284,1642113999.04396,1642113999.55839,1642114000.70881,1642114000.7132,1642114431.43611,1642114431.43795,1
90,4,1,90,1,invalid,left,right,1642113831.81682,1642113831.82805,3.2,171.885412931442,171.8893430233,3.2013680934906,left,175.103281497955,175.109485149384,0.182936668395996,right,175.303354501724,175.3085501194,2,right,175.644036054611,0.340681552886963,176.153673171997,1.15931844711304,177.320773124695,177.322759151459,596.859289159775,596.861131181717,599.619289159775,1642114000.94223,1642114000.94616,1642114004.1601,1642114004.16631,1642114004.36017,1642114004.36537,1642114004.70086,1642114005.21049,1642114006.37759,1642114006.37958,1642114431.43611,1642114431.43795,1
90,4,1,90,0,valid,right,right,1642113831.81682,1642113831.82805,0.8,177.554194927216,177.556378126144,0.801237106323242,right,178.371167421341,178.372735023499,0.183927774429321,right,178.57124042511,178.57283616066,2,right,178.897844076157,0.326603651046753,179.404884815216,1.17339634895325,180.588660478592,180.590254068375,596.859289159775,596.861131181717,599.619289159775,1642114006.61101,1642114006.6132,1642114007.42799,1642114007.42955,1642114007.62806,1642114007.62966,1642114007.95466,1642114008.4617,1642114009.64548,1642114009.64707,1642114431.43611,1642114431.43795,1
90,4,1,90,0,valid,left,left,1642113831.81682,1642113831.82805,0.7,180.822080373764,180.823843002319,0.701155662536621,left,181.539013624191,181.540650129318,0.183963537216187,left,181.739089250565,181.740668058395,1,left,182.048758983612,0.309669733047485,182.556061506271,1.19033026695251,183.756508111954,183.757785081863,596.859289159775,596.861131181717,599.619289159775,1642114009.8789,1642114009.88066,1642114010.59583,1642114010.59747,1642114010.79591,1642114010.79749,1642114011.10558,1642114011.61288,1642114012.81333,1642114012.8146,1642114431.43611,1642114431.43795,1
90,4,1,90,0,valid,right,right,1642113831.81682,1642113831.82805,0.6,183.9899289608,183.99156999588,0.60120701789856,right,184.606824874878,184.608659029007,0.183983325958252,right,184.806900024414,184.808298110962,2,right,185.099099159241,0.29219913482666,185.607199430466,1.20780086517334,186.824319124222,186.825780153275,596.859289159775,596.861131181717,599.619289159775,1642114013.04675,1642114013.04839,1642114013.66364,1642114013.66548,1642114013.86372,1642114013.86512,1642114014.15592,1642114014.66402,1642114015.88114,1642114015.8826,1642114431.43611,1642114431.43795,1
90,4,1,90,1,invalid,left,right,1642113831.81682,1642113831.82805,6.7,187.057739496231,187.059226036072,6.70113253593445,left,193.776912212372,193.77864408493,0.181776762008667,right,193.976985692978,193.978677988052,2,right,194.271039009094,0.294053316116333,194.777285575867,1.20594668388367,195.994405984879,196.007803201675,596.859289159775,596.861131181717,599.619289159775,1642114016.11456,1642114016.11605,1642114022.83373,1642114022.83546,1642114023.03381,1642114023.0355,1642114023.32786,1642114023.83411,1642114025.05123,1642114025.06462,1642114431.43611,1642114431.43795,1
90,4,1,90,1,invalid,left,right,1642113831.81682,1642113831.82805,3.8,196.211153030396,196.222773075104,3.80138802528381,left,200.029244184494,200.030963182449,0.182684898376465,right,200.2293176651,200.230651140213,2,right,200.557335138321,0.328017473220825,201.062962532043,1.17198252677917,202.246737003326,202.248059034348,596.859289159775,596.861131181717,599.619289159775,1642114025.26797,1642114025.27959,1642114029.08606,1642114029.08778,1642114029.28614,1642114029.28747,1642114029.61416,1642114030.11978,1642114031.30356,1642114031.30488,1642114431.43611,1642114431.43795,1
90,4,1,90,1,invalid,left,right,1642113831.81682,1642113831.82805,1.7,202.480157613754,202.481649160385,1.70116257667542,left,204.197464227676,204.199136972427,0.183589935302734,right,204.397538900375,204.399121999741,2,right,204.727375030518,0.329836130142212,205.231182575226,1.17016386985779,206.414958238602,206.416831016541,596.859289159775,596.861131181717,599.619289159775,1642114031.53698,1642114031.53847,1642114033.25428,1642114033.25596,1642114033.45436,1642114033.45594,1642114033.78419,1642114034.288,1642114035.47178,1642114035.47365,1642114431.43611,1642114431.43795,1
90,4,1,90,0,valid,left,left,1642113831.81682,1642113831.82805,5.6,206.648379087448,206.650032043457,5.60119199752808,left,212.267138957977,212.272202014923,0.182084083557129,left,212.467215299606,212.471691131592,1,left,212.769903182983,0.302687883377075,213.284187555313,1.19731211662292,214.484633922577,214.489933013916,596.859289159775,596.861131181717,599.619289159775,1642114035.7052,1642114035.70685,1642114041.32396,1642114041.32902,1642114041.52404,1642114041.52851,1642114041.82672,1642114042.34101,1642114043.54145,1642114043.54675,1642114431.43611,1642114431.43795,1
90,4,1,90,0,valid,right,right,1642113831.81682,1642113831.82805,1.5,214.718053817749,214.722956180573,1.5019543170929,right,216.235286951065,216.239765167236,0.18349814414978,right,216.43536233902,216.439578056335,2,right,216.749227046967,0.313864707946777,217.269005775452,1.18613529205322,218.45278096199,218.456258058548,596.859289159775,596.861131181717,599.619289159775,1642114043.77487,1642114043.77978,1642114045.29211,1642114045.29659,1642114045.49218,1642114045.4964,1642114045.80605,1642114046.32583,1642114047.5096,1642114047.51308,1642114431.43611,1642114431.43795,1
90,4,1,90,1,invalid,right,left,1642113831.81682,1642113831.82805,1.1,218.686200857162,218.689661026001,1.10124731063843,right,219.803283691406,219.806184053421,0.183777332305908,left,220.003358602524,220.006096124649,1,left,220.386021137238,0.382662534713745,220.903692483902,1.11733746528625,222.020776033401,222.022781133652,596.859289159775,596.861131181717,599.619289159775,1642114047.74302,1642114047.74648,1642114048.8601,1642114048.863,1642114049.06018,1642114049.06292,1642114049.44284,1642114049.96051,1642114051.0776,1642114051.0796,1642114431.43611,1642114431.43795,1
90,4,1,90,0,valid,right,right,1642113831.81682,1642113831.82805,0.6,222.254198312759,222.256098031998,0.601132869720459,right,222.871095657349,222.872685194016,0.183975458145142,right,223.071170091629,223.072937965393,2,right,223.40144610405,0.330276012420654,223.904814243317,1.16972398757935,225.088587999344,225.089948177338,596.859289159775,596.861131181717,599.619289159775,1642114051.31102,1642114051.31292,1642114051.92792,1642114051.92951,1642114052.12799,1642114052.12976,1642114052.45827,1642114052.96163,1642114054.14541,1642114054.14677,1642114431.43611,1642114431.43795,1
90,4,1,90,0,valid,left,left,1642113831.81682,1642113831.82805,7.3,225.322009325027,225.323736190796,7.30127167701721,left,232.641405344009,232.642808198929,0.18150782585144,left,232.841480016708,232.84284901619,1,left,233.141528129578,0.300048112869263,233.658450603485,1.19995188713074,234.858898639679,234.860455989838,596.859289159775,596.861131181717,599.619289159775,1642114054.37883,1642114054.38056,1642114061.69823,1642114061.69963,1642114061.8983,1642114061.89967,1642114062.19835,1642114062.71527,1642114063.91572,1642114063.91728,1642114431.43611,1642114431.43795,1
90,4,1,90,1,invalid,right,left,1642113831.81682,1642113831.82805,0.7,235.092319250107,235.093356132507,0.701337814331055,right,235.80925321579,235.810651063919,0.18388295173645,left,236.009327888489,236.010749101639,1,left,236.418203115463,0.408875226974487,236.943009376526,1.09112477302551,238.026747465134,238.028204202652,596.859289159775,596.861131181717,599.619289159775,1642114064.14914,1642114064.15018,1642114064.86607,1642114064.86747,1642114065.06615,1642114065.06757,1642114065.47502,1642114065.99983,1642114067.08357,1642114067.08502,1642114431.43611,1642114431.43795,1
90,4,1,90,0,valid,left,left,1642113831.81682,1642113831.82805,5,238.260166883469,238.261658191681,5.00136709213257,left,243.278704881668,243.280229091644,0.182461261749268,left,243.478780031204,243.480473995209,1,left,243.831218004227,0.352437973022461,244.345769405365,1.14756202697754,245.496199131012,245.498125076294,596.859289159775,596.861131181717,599.619289159775,1642114067.31699,1642114067.31848,1642114072.33552,1642114072.33705,1642114072.5356,1642114072.53729,1642114072.88804,1642114073.40259,1642114074.55302,1642114074.55494,1642114431.43611,1642114431.43795,1
90,4,1,90,0,valid,right,right,1642113831.81682,1642113831.82805,8.9,245.729619503021,245.731220006943,8.90105962753296,right,254.649612665176,254.651021003723,0.180888414382935,right,254.849687576294,254.851740121841,2,right,255.046514987946,0.196827411651611,255.549948453903,1.30317258834839,256.867105007172,256.872655153275,596.859289159775,596.861131181717,599.619289159775,1642114074.78644,1642114074.78804,1642114083.70643,1642114083.70784,1642114083.90651,1642114083.90856,1642114084.10333,1642114084.60677,1642114085.92392,1642114085.92948,1642114431.43611,1642114431.43795,1
90,4,1,90,1,invalid,right,left,1642113831.81682,1642113831.82805,0.6,257.100525856018,257.107706069946,0.601174116134644,right,257.717423200607,257.723081111908,0.183948993682861,left,257.917498350143,257.919394016266,1,left,258.30282998085,0.385331630706787,258.817832946777,1.11466836929321,259.934916973114,259.93935418129,596.859289159775,596.861131181717,599.619289159775,1642114086.15735,1642114086.16453,1642114086.77424,1642114086.7799,1642114086.97432,1642114086.97621,1642114087.35965,1642114087.87465,1642114088.99174,1642114088.99617,1642114431.43611,1642114431.43795,1
90,4,1,90,1,invalid,left,right,1642113831.81682,1642113831.82805,0.6,260.168337583542,260.173002004623,0.601114511489868,left,260.785233736038,260.790910005569,0.183999300003052,right,260.985308885574,260.989212036133,2,right,261.428136110306,0.442827224731445,261.935662508011,1.05717277526855,263.002727746964,263.005951166153,596.859289159775,596.861131181717,599.619289159775,1642114089.22516,1642114089.22982,1642114089.84205,1642114089.84773,1642114090.04213,1642114090.04603,1642114090.48496,1642114090.99248,1642114092.05955,1642114092.06277,1642114431.43611,1642114431.43795,1
90,4,1,90,0,valid,left,left,1642113831.81682,1642113831.82805,0.6,263.23614859581,263.239619016647,0.601162433624268,left,263.853045463562,263.855959177017,0.18403172492981,left,264.053119182587,264.060801029205,1,left,264.390377998352,0.337258815765381,264.903436183929,1.16274118423462,266.07053732872,266.072627067566,596.859289159775,596.861131181717,599.619289159775,1642114092.29297,1642114092.29644,1642114092.90987,1642114092.91278,1642114093.10994,1642114093.11762,1642114093.4472,1642114093.96026,1642114095.12736,1642114095.12945,1642114431.43611,1642114431.43795,1
90,4,1,90,0,valid,right,right,1642113831.81682,1642113831.82805,5,266.303958415985,266.305905103683,5.00127077102661,right,271.322497367859,271.323987007141,0.182308673858643,right,271.522572278976,271.527963161469,2,right,271.832164049149,0.309591770172119,272.356215953827,1.19040822982788,273.539990663528,273.541711091995,596.859289159775,596.861131181717,599.619289159775,1642114095.36078,1642114095.36273,1642114100.37932,1642114100.38081,1642114100.57939,1642114100.58478,1642114100.88898,1642114101.41304,1642114102.59681,1642114102.59853,1642114431.43611,1642114431.43795,1
90,4,1,90,0,valid,left,left,1642113831.81682,1642113831.82805,2.7,273.773411273956,273.775058031082,2.70118188858032,left,276.491091251373,276.492114067078,0.183173894882202,left,276.691164731979,276.692525148392,1,left,276.97910618782,0.287941455841064,277.491463899612,1.21205854415894,278.708584785461,278.710196018219,596.859289159775,596.861131181717,599.619289159775,1642114102.83023,1642114102.83188,1642114105.54791,1642114105.54893,1642114105.74798,1642114105.74935,1642114106.03593,1642114106.54828,1642114107.7654,1642114107.76702,1642114431.43611,1642114431.43795,1
90,4,1,90,1,invalid,left,right,1642113831.81682,1642113831.82805,6.5,278.942004680634,278.943741083145,6.50115537643433,left,285.461102962494,285.462403059006,0.182011127471924,right,285.661176919937,285.662775993347,2,right,285.973781108856,0.312604188919067,286.478149414062,1.18739581108093,287.678596258163,287.683436155319,596.859289159775,596.861131181717,599.619289159775,1642114107.99882,1642114108.00056,1642114114.51792,1642114114.51922,1642114114.718,1642114114.7196,1642114115.0306,1642114115.53497,1642114116.73542,1642114116.74026,1642114431.43611,1642114431.43795,1
90,4,1,90,0,valid,left,left,1642113831.81682,1642113831.82805,4.3,287.912016868591,287.913554191589,4.30114531517029,left,292.230293989182,292.232102155685,0.182598114013672,left,292.430368423462,292.43199300766,1,left,292.727063179016,0.296694755554199,293.230666875839,1.2033052444458,294.447786808014,294.449321985245,596.859289159775,596.861131181717,599.619289159775,1642114116.96884,1642114116.97037,1642114121.28711,1642114121.28892,1642114121.48719,1642114121.48881,1642114121.78388,1642114122.28749,1642114123.50461,1642114123.50614,1642114431.43611,1642114431.43795,1
90,4,1,90,1,invalid,left,right,1642113831.81682,1642113831.82805,1.5,294.681208372116,294.688048124313,1.50125861167908,left,296.198439598083,296.20006608963,0.183761596679688,right,296.398515224457,296.400240182877,2,right,296.745568037033,0.347052812576294,297.265504837036,1.15294718742371,298.415933609009,298.424535989761,596.859289159775,596.861131181717,599.619289159775,1642114123.73803,1642114123.74487,1642114125.25526,1642114125.25689,1642114125.45534,1642114125.45706,1642114125.80239,1642114126.32232,1642114127.47275,1642114127.48136,1642114431.43611,1642114431.43795,1
90,4,1,90,1,invalid,right,left,1642113831.81682,1642113831.82805,0.5,298.649353981018,298.65098118782,0.501259088516235,right,299.166213750839,299.169440984726,0.184096336364746,left,299.366289138794,299.368031024933,1,left,299.734644174576,0.36835503578186,300.249951601028,1.13164496421814,301.38370680809,301.389227151871,596.859289159775,596.861131181717,599.619289159775,1642114127.70617,1642114127.7078,1642114128.22303,1642114128.22626,1642114128.42311,1642114128.42485,1642114128.79146,1642114129.30677,1642114130.44053,1642114130.44605,1642114431.43611,1642114431.43795,1
90,4,1,90,0,valid,left,left,1642113831.81682,1642113831.82805,2.5,301.617127656937,301.618782997131,2.50119948387146,left,304.134733200073,304.139320135117,0.183227777481079,left,304.334807872772,304.336775064468,1,left,304.636247158051,0.30143928527832,305.151778697968,1.19856071472168,306.35222697258,306.359569072723,596.859289159775,596.861131181717,599.619289159775,1642114130.67395,1642114130.6756,1642114133.19155,1642114133.19614,1642114133.39163,1642114133.39359,1642114133.69307,1642114134.2086,1642114135.40905,1642114135.41639,1642114431.43611,1642114431.43795,1
90,4,1,90,0,valid,right,right,1642113831.81682,1642113831.82805,5.9,306.585646629333,306.589528083801,5.9010374546051,right,312.504520654678,312.506189107895,0.182059526443481,right,312.704595804214,312.706048965454,2,right,313.013023138046,0.308427333831787,313.521567106247,1.19157266616821,314.722015142441,314.723325014114,596.859289159775,596.861131181717,599.619289159775,1642114135.64247,1642114135.64635,1642114141.56134,1642114141.56301,1642114141.76142,1642114141.76287,1642114142.06984,1642114142.57839,1642114143.77884,1642114143.78014,1642114431.43611,1642114431.43795,1
90,4,1,90,1,invalid,right,left,1642113831.81682,1642113831.82805,0.6,314.955436468124,314.959669113159,0.601419687271118,right,315.572332143784,315.574906110764,0.184003829956055,left,315.772406101227,315.773782968521,1,left,316.159061193466,0.38665509223938,316.672741413116,1.11334490776062,317.789826631546,317.791535139084,596.859289159775,596.861131181717,599.619289159775,1642114144.01226,1642114144.01649,1642114144.62915,1642114144.63173,1642114144.82923,1642114144.8306,1642114145.21588,1642114145.72956,1642114146.84665,1642114146.84836,1642114431.43611,1642114431.43795,1
90,4,1,90,0,valid,left,left,1642113831.81682,1642113831.82805,1,318.0232462883,318.024860143661,1.00123977661133,left,319.040291786194,319.041696071625,0.183859348297119,left,319.240366458893,319.241899013519,1,left,319.58642411232,0.346057653427124,320.107355594635,1.15394234657288,321.257785797119,321.258771181107,596.859289159775,596.861131181717,599.619289159775,1642114147.08007,1642114147.08168,1642114148.09711,1642114148.09852,1642114148.29719,1642114148.29872,1642114148.64324,1642114149.16418,1642114150.31461,1642114150.31559,1642114431.43611,1642114431.43795,1
90,4,1,90,1,invalid,right,left,1642113831.81682,1642113831.82805,1.1,321.491206169128,321.492789030075,1.10131788253784,right,322.608289241791,322.609929084778,0.183796882629395,left,322.808364152908,322.810047149658,1,left,323.191991090775,0.383626937866211,323.708700180054,1.11637306213379,324.825783014297,324.827383995056,596.859289159775,596.861131181717,599.619289159775,1642114150.54803,1642114150.54961,1642114151.66511,1642114151.66675,1642114151.86518,1642114151.86687,1642114152.24881,1642114152.76552,1642114153.8826,1642114153.8842,1642114431.43611,1642114431.43795,1
90,4,1,90,1,invalid,right,left,1642113831.81682,1642113831.82805,1.1,325.05920290947,325.060175180435,1.10093426704407,right,326.176286458969,326.177755117416,0.183672666549683,left,326.376361131668,326.377953052521,1,left,326.750061035156,0.373699903488159,327.26002407074,1.12630009651184,328.393780231476,328.395732164383,596.859289159775,596.861131181717,599.619289159775,1642114154.11602,1642114154.117,1642114155.23311,1642114155.23458,1642114155.43318,1642114155.43477,1642114155.80688,1642114156.31684,1642114157.4506,1642114157.45255,1642114431.43611,1642114431.43795,1
90,4,1,90,1,invalid,left,right,1642113831.81682,1642113831.82805,3.4,328.627201080322,328.628676176071,3.401202917099,left,332.045141935349,332.047692060471,0.183133125305176,right,332.245216369629,332.246922969818,2,right,332.587134122849,0.341917753219604,333.095534324646,1.1580822467804,334.262634754181,334.263972043991,596.859289159775,596.861131181717,599.619289159775,1642114157.68402,1642114157.6855,1642114161.10196,1642114161.10451,1642114161.30204,1642114161.30374,1642114161.64395,1642114162.15235,1642114163.31945,1642114163.32079,1642114431.43611,1642114431.43795,1
90,4,1,90,1,invalid,left,right,1642113831.81682,1642113831.82805,5,334.496055841446,334.506249189377,5.00158715248108,left,339.514593839645,339.525861978531,0.182323217391968,right,339.714669466019,339.716354131699,2,right,340.050282001495,0.335612535476685,340.564985990524,1.16438746452332,341.732087135315,341.733738183975,596.859289159775,596.861131181717,599.619289159775,1642114163.55288,1642114163.56307,1642114168.57141,1642114168.58268,1642114168.77149,1642114168.77317,1642114169.1071,1642114169.62181,1642114170.78891,1642114170.79056,1642114431.43611,1642114431.43795,1
90,4,1,90,0,valid,left,left,1642113831.81682,1642113831.82805,5,341.965506792068,341.967138051987,5.00102639198303,left,346.984045982361,346.985449075699,0.182319164276123,left,347.184121370316,347.185825109482,1,left,347.587052106857,0.402930736541748,348.101128816605,1.09706926345825,349.201540231705,349.208018064499,596.859289159775,596.861131181717,599.619289159775,1642114171.02233,1642114171.02396,1642114176.04087,1642114176.04227,1642114176.24094,1642114176.24265,1642114176.64387,1642114177.15795,1642114178.25836,1642114178.26484,1642114431.43611,1642114431.43795,1
90,4,1,90,1,invalid,left,right,1642113831.81682,1642113831.82805,0.5,349.434959888458,349.436894178391,0.501362085342407,left,349.951819181442,349.956421136856,0.183917999267578,right,350.15189409256,350.156032085419,2,right,350.501533985138,0.349639892578125,351.018884420395,1.15036010742188,352.16931271553,352.17270898819,596.859289159775,596.861131181717,599.619289159775,1642114178.49178,1642114178.49371,1642114179.00864,1642114179.01324,1642114179.20871,1642114179.21285,1642114179.55835,1642114180.0757,1642114181.22613,1642114181.22953,1642114431.43611,1642114431.43795,1
90,4,1,90,1,invalid,right,left,1642113831.81682,1642113831.82805,1.2,352.402733802795,352.406233072281,1.2011923789978,right,353.619853258133,353.623381137848,0.183880805969238,left,353.819929122925,353.822921991348,1,left,354.192567110062,0.372637987136841,354.703592061996,1.12736201286316,355.837348222733,355.839732170105,596.859289159775,596.861131181717,599.619289159775,1642114181.45955,1642114181.46305,1642114182.67667,1642114182.6802,1642114182.87675,1642114182.87974,1642114183.24939,1642114183.76041,1642114184.89417,1642114184.89655,1642114431.43611,1642114431.43795,1
90,4,1,90,0,valid,right,right,1642113831.81682,1642113831.82805,1.3,356.070767879486,356.07298707962,1.30123329162598,right,357.387926340103,357.389484167099,0.184008836746216,right,357.588001251221,357.589275121689,2,right,357.912098169327,0.324096918106079,358.421644687653,1.17590308189392,359.605419397354,359.606930017471,596.859289159775,596.861131181717,599.619289159775,1642114185.12759,1642114185.12981,1642114186.44475,1642114186.4463,1642114186.64482,1642114186.6461,1642114186.96892,1642114187.47846,1642114188.66224,1642114188.66375,1642114431.43611,1642114431.43795,1
90,4,1,90,1,invalid,left,right,1642113831.81682,1642113831.82805,0.8,359.838838100433,359.840722084045,0.801194906234741,left,360.655811309814,360.657382965088,0.183888673782349,right,360.855886220932,360.857282161713,2,right,361.238216161728,0.382329940795898,361.756220817566,1.1176700592041,362.873305082321,362.878199100494,596.859289159775,596.861131181717,599.619289159775,1642114188.89566,1642114188.89754,1642114189.71263,1642114189.7142,1642114189.91271,1642114189.9141,1642114190.29504,1642114190.81304,1642114191.93012,1642114191.93502,1642114431.43611,1642114431.43795,1
90,4,1,90,1,invalid,right,left,1642113831.81682,1642113831.82805,1.6,363.106724739075,363.108330011368,1.60124540328979,right,364.723995447159,364.725783109665,0.183480739593506,left,364.924069881439,364.925450086594,1,left,365.279736995697,0.355667114257812,365.7910592556,1.14433288574219,366.941488981247,366.943070173264,596.859289159775,596.861131181717,599.619289159775,1642114192.16354,1642114192.16515,1642114193.78082,1642114193.7826,1642114193.98089,1642114193.98227,1642114194.33656,1642114194.84788,1642114195.99831,1642114195.99989,1642114431.43611,1642114431.43795,1
90,4,1,90,1,invalid,left,right,1642113831.81682,1642113831.82805,3.8,367.174909353256,367.176503181458,3.80118274688721,left,370.992999076843,370.994543075562,0.182691097259521,right,371.193074226379,371.194708108902,2,right,371.52605009079,0.3329758644104,372.043391227722,1.1670241355896,373.210493326187,373.211861133575,596.859289159775,596.861131181717,599.619289159775,1642114196.23173,1642114196.23332,1642114200.04982,1642114200.05136,1642114200.24989,1642114200.25153,1642114200.58287,1642114201.10021,1642114202.26731,1642114202.26868,1642114431.43611,1642114431.43795,1
90,4,1,90,0,valid,right,right,1642113831.81682,1642113831.82805,1.3,373.443913221359,373.445481061935,1.30116081237793,right,374.761071681976,374.766996145248,0.183767318725586,right,374.961146593094,374.962469100952,2,right,375.293121099472,0.331974506378174,375.811462879181,1.16802549362183,376.978564739227,376.980380058289,596.859289159775,596.861131181717,599.619289159775,1642114202.50073,1642114202.5023,1642114203.81789,1642114203.82382,1642114204.01797,1642114204.01929,1642114204.34994,1642114204.86828,1642114206.03538,1642114206.0372,1642114431.43611,1642114431.43795,1
90,4,1,90,0,valid,left,left,1642113831.81682,1642113831.82805,1.2,377.211985111237,377.213970184326,1.20128107070923,left,378.429106235504,378.43070101738,0.183698892593384,left,378.629180908203,378.630681037903,1,left,378.955330133438,0.326149225234985,379.462825059891,1.17385077476501,380.646598815918,380.648128986359,596.859289159775,596.861131181717,599.619289159775,1642114206.26881,1642114206.27079,1642114207.48593,1642114207.48752,1642114207.686,1642114207.6875,1642114208.01215,1642114208.51964,1642114209.70342,1642114209.70495,1642114431.43611,1642114431.43795,1
90,4,1,90,1,invalid,right,left,1642113831.81682,1642113831.82805,1.1,380.880020856857,380.883702039719,1.10115218162537,right,381.997102737427,381.99915599823,0.183759450912476,left,382.197177648544,382.198554039001,1,left,382.571042060852,0.373864412307739,383.080841064453,1.12613558769226,384.214596748352,384.216019153595,596.859289159775,596.861131181717,599.619289159775,1642114209.93684,1642114209.94052,1642114211.05392,1642114211.05598,1642114211.254,1642114211.25537,1642114211.62786,1642114212.13766,1642114213.27142,1642114213.27284,1642114431.43611,1642114431.43795,1
90,4,1,90,1,invalid,right,left,1642113831.81682,1642113831.82805,2.7,384.448017597198,384.44970202446,2.70147037506104,right,387.16569685936,387.167446136475,0.183093309402466,left,387.365772008896,387.367087125778,1,left,387.710239171982,0.344467163085938,388.216089010239,1.15553283691406,389.383191108704,389.39520406723,596.859289159775,596.861131181717,599.619289159775,1642114213.50484,1642114213.50652,1642114216.22252,1642114216.22427,1642114216.42259,1642114216.42391,1642114216.76706,1642114217.27291,1642114218.44001,1642114218.45202,1642114431.43611,1642114431.43795,1
90,4,1,90,0,valid,left,left,1642113831.81682,1642113831.82805,1.1,389.616613388062,389.61850810051,1.10138869285583,left,390.73369550705,390.739260196686,0.183843612670898,left,390.933769464493,390.935547113419,1,left,391.197762966156,0.263993501663208,391.700722455978,1.23600649833679,392.951188087463,392.956022977829,596.859289159775,596.861131181717,599.619289159775,1642114218.67343,1642114218.67533,1642114219.79052,1642114219.79608,1642114219.99059,1642114219.99237,1642114220.25458,1642114220.75754,1642114222.00801,1642114222.01284,1642114431.43611,1642114431.43795,1
90,4,1,90,1,invalid,right,left,1642113831.81682,1642113831.82805,1.9,393.18460893631,393.189488172531,1.90138006210327,right,395.101990222931,395.106091022491,0.183538913726807,left,395.302065372467,395.306281089783,1,left,395.68146109581,0.379395723342896,396.202401161194,1.1206042766571,397.319483995438,397.322776079178,596.859289159775,596.861131181717,599.619289159775,1642114222.24143,1642114222.24631,1642114224.15881,1642114224.16291,1642114224.35889,1642114224.3631,1642114224.73828,1642114225.25922,1642114226.3763,1642114226.3796,1642114431.43611,1642114431.43795,1
90,4,1,90,0,valid,left,left,1642113831.81682,1642113831.82805,1.5,397.552904367447,397.556177139282,1.50122761726379,left,399.070137023926,399.073126077652,0.183688163757324,left,399.270210981369,399.272706985474,1,left,399.55511713028,0.284906148910522,400.070510149002,1.21509385108948,401.287631750107,401.289532184601,596.859289159775,596.861131181717,599.619289159775,1642114226.60972,1642114226.613,1642114228.12696,1642114228.12995,1642114228.32703,1642114228.32953,1642114228.61194,1642114229.12733,1642114230.34445,1642114230.34635,1642114431.43611,1642114431.43795,1
90,4,1,90,0,valid,right,right,1642113831.81682,1642113831.82805,4.1,401.521050930023,401.522806167603,4.10118913650513,right,405.639252901077,405.640782117844,0.182664155960083,right,405.839328050613,405.840883016586,2,right,406.122704029083,0.283375978469849,406.639626026154,1.21662402153015,407.856747150421,407.863785982132,596.859289159775,596.861131181717,599.619289159775,1642114230.57787,1642114230.57963,1642114234.69607,1642114234.6976,1642114234.89615,1642114234.8977,1642114235.17952,1642114235.69645,1642114236.91357,1642114236.92061,1642114431.43611,1642114431.43795,1
90,4,1,90,1,invalid,left,right,1642113831.81682,1642113831.82805,1.2,408.090167045593,408.091870069504,1.20118498802185,left,409.307287931442,409.315764188766,0.183770179748535,right,409.507361888885,409.509039163589,2,right,409.885112047195,0.377750158309937,410.391025304794,1.12224984169006,411.524781942368,411.526211023331,596.859289159775,596.861131181717,599.619289159775,1642114237.14699,1642114237.14869,1642114238.36411,1642114238.37258,1642114238.56418,1642114238.56586,1642114238.94193,1642114239.44785,1642114240.5816,1642114240.58303,1642114431.43611,1642114431.43795,1
90,4,1,90,0,valid,left,left,1642113831.81682,1642113831.82805,5,411.758201599121,411.759663105011,5.00113439559937,left,416.776739597321,416.778328180313,0.182304382324219,left,416.976814985275,416.978164196014,1,left,417.245674133301,0.268859148025513,417.76044011116,1.23114085197449,418.994234085083,418.995941162109,596.859289159775,596.861131181717,599.619289159775,1642114240.81502,1642114240.81648,1642114245.83356,1642114245.83515,1642114246.03363,1642114246.03498,1642114246.30249,1642114246.81726,1642114248.05105,1642114248.05276,1642114431.43611,1642114431.43795,1
90,4,1,90,1,invalid,right,left,1642113831.81682,1642113831.82805,6.5,419.227656364441,419.229314088821,6.5011727809906,right,425.746751785278,425.748320102692,0.181751251220703,left,425.946826934814,425.948167085648,1,left,426.318750143051,0.371923208236694,426.830489397049,1.12807679176331,427.964245080948,427.966135025024,596.859289159775,596.861131181717,599.619289159775,1642114248.28448,1642114248.28613,1642114254.80357,1642114254.80514,1642114255.00365,1642114255.00499,1642114255.37557,1642114255.88731,1642114257.02106,1642114257.02295,1642114431.43611,1642114431.43795,1
90,4,1,90,0,valid,right,right,1642113831.81682,1642113831.82805,5,428.197666406631,428.200721979141,5.00115466117859,right,433.216204166412,433.217831134796,0.182379961013794,right,433.416277885437,433.417858123779,2,right,433.695069074631,0.278791189193726,434.199903964996,1.22120881080627,435.4336977005,435.435357093811,596.859289159775,596.861131181717,599.619289159775,1642114257.25449,1642114257.25754,1642114262.27302,1642114262.27465,1642114262.4731,1642114262.47468,1642114262.75189,1642114263.25672,1642114264.49052,1642114264.49218,1642114431.43611,1642114431.43795,1
90,4,1,90,0,valid,left,left,1642113831.81682,1642113831.82805,1.5,435.66711807251,435.668979167938,1.50118589401245,left,437.18435049057,437.189715147018,0.183679580688477,left,437.384425640106,437.386087179184,1,left,437.686273097992,0.301847457885742,438.201396465302,1.19815254211426,439.401843547821,439.406321048737,596.859289159775,596.861131181717,599.619289159775,1642114264.72394,1642114264.7258,1642114266.24117,1642114266.24654,1642114266.44125,1642114266.44291,1642114266.74309,1642114267.25822,1642114268.45866,1642114268.46314,1642114431.43611,1642114431.43795,1
90,4,1,90,0,valid,left,left,1642113831.81682,1642113831.82805,1.5,439.635263442993,439.639713048935,1.50125765800476,left,441.152497053146,441.160367012024,0.183648109436035,left,441.352571964264,441.35621213913,1,left,441.696287155151,0.343715190887451,442.202888965607,1.15628480911255,443.369989871979,443.372871160507,596.859289159775,596.861131181717,599.619289159775,1642114268.69208,1642114268.69653,1642114270.20932,1642114270.21719,1642114270.40939,1642114270.41303,1642114270.75311,1642114271.25971,1642114272.42681,1642114272.42969,1642114431.43611,1642114431.43795,1
90,4,1,90,0,valid,right,right,1642113831.81682,1642113831.82805,0.8,443.603411197662,443.606150150299,0.801170825958252,right,444.420382022858,444.426552057266,0.183890104293823,right,444.620457649231,444.626935005188,2,right,444.915645122528,0.295187473297119,445.420756340027,1.20481252670288,446.637876033783,446.639747142792,596.859289159775,596.861131181717,599.619289159775,1642114272.66023,1642114272.66297,1642114273.4772,1642114273.48337,1642114273.67728,1642114273.68375,1642114273.97247,1642114274.47758,1642114275.6947,1642114275.69657,1642114431.43611,1642114431.43795,1
90,4,1,90,1,invalid,left,right,1642113831.81682,1642113831.82805,1.2,446.871296405792,446.872883081436,1.20115756988525,left,448.088416814804,448.089776039124,0.183748245239258,right,448.288490772247,448.289793014526,2,right,448.707142114639,0.418651342391968,449.222173452377,1.08134865760803,450.305910348892,450.307591199875,596.859289159775,596.861131181717,599.619289159775,1642114275.92812,1642114275.9297,1642114277.14524,1642114277.1466,1642114277.34531,1642114277.34661,1642114277.76396,1642114278.27899,1642114279.36273,1642114279.36441,1642114431.43611,1642114431.43795,1
90,4,1,90,0,valid,left,left,1642113831.81682,1642113831.82805,4.1,450.539331436157,450.546290159225,4.1012077331543,left,454.657533884048,454.659921169281,0.182658195495605,left,454.85760807991,454.858864068985,1,left,455.185286998749,0.327678918838501,455.691252231598,1.1723210811615,456.875027656555,456.876474142075,596.859289159775,596.861131181717,599.619289159775,1642114279.59615,1642114279.60311,1642114283.71435,1642114283.71674,1642114283.91443,1642114283.91568,1642114284.24211,1642114284.74807,1642114285.93185,1642114285.93329,1642114431.43611,1642114431.43795,1
90,4,1,90,1,invalid,left,right,1642113831.81682,1642113831.82805,5,457.108447313309,457.110212087631,5.00130176544189,left,462.126986026764,462.132268190384,0.182173013687134,right,462.327060461044,462.32829117775,2,right,462.657127141953,0.330066680908203,463.177376747131,1.1699333190918,464.344479084015,464.353852033615,596.859289159775,596.861131181717,599.619289159775,1642114286.16527,1642114286.16703,1642114291.18381,1642114291.18909,1642114291.38388,1642114291.38511,1642114291.71395,1642114292.2342,1642114293.4013,1642114293.41067,1642114431.43611,1642114431.43795,1
90,4,1,90,1,invalid,right,left,1642113831.81682,1642113831.82805,1,464.577898979187,464.579426050186,1.00119400024414,right,465.594945430756,465.596527099609,0.183890581130981,left,465.795019626617,465.796689033508,1,left,466.189530134201,0.394510507583618,466.695355892181,1.10548949241638,467.812439203262,467.814022064209,596.859289159775,596.861131181717,599.619289159775,1642114293.63472,1642114293.63625,1642114294.65177,1642114294.65335,1642114294.85184,1642114294.85351,1642114295.24635,1642114295.75218,1642114296.86926,1642114296.87084,1642114431.43611,1642114431.43795,1
90,4,1,90,1,invalid,right,left,1642113831.81682,1642113831.82805,1.5,468.045858621597,468.04731297493,1.50124335289001,right,469.563092470169,469.564553976059,0.183621644973755,left,469.763167142868,469.76468205452,1,left,470.158174991608,0.395007848739624,470.663501739502,1.10499215126038,471.780586481094,471.781965017319,596.859289159775,596.861131181717,599.619289159775,1642114297.10268,1642114297.10413,1642114298.61991,1642114298.62137,1642114298.81999,1642114298.8215,1642114299.21499,1642114299.72032,1642114300.83741,1642114300.83878,1642114431.43611,1642114431.43795,1
90,4,1,90,0,valid,right,right,1642113831.81682,1642113831.82805,1.1,472.014005422592,472.015808105469,1.10116672515869,right,473.13108921051,473.132790088654,0.183754920959473,right,473.331164836884,473.333273172379,2,right,473.790318965912,0.45915412902832,474.298190832138,1.04084587097168,475.348583221436,475.350229978561,596.859289159775,596.861131181717,599.619289159775,1642114301.07083,1642114301.07263,1642114302.18791,1642114302.18961,1642114302.38798,1642114302.39009,1642114302.84714,1642114303.35501,1642114304.4054,1642114304.40705,1642114431.43611,1642114431.43795,1
90,4,1,90,0,valid,right,right,1642113831.81682,1642113831.82805,1.2,475.582002878189,475.583767175674,1.20119428634644,right,476.799124479294,476.800534009933,0.183716535568237,right,476.9991979599,477.000426054001,2,right,477.278205156326,0.279007196426392,477.782824277878,1.22099280357361,479.016617298126,479.018230199814,596.859289159775,596.861131181717,599.619289159775,1642114304.63882,1642114304.64059,1642114305.85594,1642114305.85735,1642114306.05602,1642114306.05725,1642114306.33503,1642114306.83964,1642114308.07344,1642114308.07505,1642114431.43611,1642114431.43795,1
90,4,1,90,0,valid,right,right,1642113831.81682,1642113831.82805,0.6,479.250036716461,479.251712083817,0.60113525390625,right,479.86693406105,479.873042106628,0.184008121490479,right,480.067009449005,480.068737983704,2,right,480.392709970474,0.325700521469116,480.900653362274,1.17429947853088,482.084427595139,482.091006040573,596.859289159775,596.861131181717,599.619289159775,1642114308.30686,1642114308.30853,1642114308.92375,1642114308.92986,1642114309.12383,1642114309.12556,1642114309.44953,1642114309.95747,1642114311.14125,1642114311.14783,1642114431.43611,1642114431.43795,1
90,4,1,90,0,valid,left,left,1642113831.81682,1642113831.82805,5,482.317848682404,482.319754123688,5.00116348266602,left,487.336386442184,487.344716072083,0.182329654693604,left,487.536460638046,487.544090032578,1,left,487.88557100296,0.34911036491394,488.403451681137,1.15088963508606,489.553880214691,489.556001186371,596.859289159775,596.861131181717,599.619289159775,1642114311.37467,1642114311.37657,1642114316.39321,1642114316.40154,1642114316.59328,1642114316.60091,1642114316.94239,1642114317.46027,1642114318.6107,1642114318.61282,1642114431.43611,1642114431.43795,1
90,4,1,90,0,valid,right,right,1642113831.81682,1642113831.82805,1.1,489.787300825119,489.789793014526,1.10116028785706,right,490.904383897781,490.906301021576,0.184003114700317,right,491.104458808899,491.10578417778,2,right,491.42632818222,0.321869373321533,491.938103675842,1.17813062667847,493.121875286102,493.12784910202,596.859289159775,596.861131181717,599.619289159775,1642114318.84412,1642114318.84661,1642114319.9612,1642114319.96312,1642114320.16128,1642114320.1626,1642114320.48315,1642114320.99492,1642114322.1787,1642114322.18467,1642114431.43611,1642114431.43795,1
90,4,1,90,0,valid,left,left,1642113831.81682,1642113831.82805,5,493.355297803879,493.357073068619,5.00124335289001,left,498.373836040497,498.378405094147,0.182335138320923,left,498.573910951614,498.579230070114,1,left,498.867382049561,0.293471097946167,499.374208927155,1.20652890205383,500.591328620911,500.592794179916,596.859289159775,596.861131181717,599.619289159775,1642114322.41212,1642114322.41389,1642114327.43066,1642114327.43523,1642114327.63073,1642114327.63605,1642114327.9242,1642114328.43103,1642114329.64815,1642114329.64961,1642114431.43611,1642114431.43795,1
90,4,1,90,0,valid,right,right,1642113831.81682,1642113831.82805,5,500.824749708176,500.826429128647,5.00133728981018,right,505.843288183212,505.845299005508,0.182191848754883,right,506.043363332748,506.044986009598,2,right,506.353263139725,0.309899806976318,506.860333681107,1.19010019302368,508.060781955719,508.062100172043,596.859289159775,596.861131181717,599.619289159775,1642114329.88157,1642114329.88325,1642114334.90011,1642114334.90212,1642114335.10018,1642114335.10181,1642114335.41008,1642114335.91715,1642114337.1176,1642114337.11892,1642114431.43611,1642114431.43795,1
90,4,1,90,1,invalid,left,right,1642113831.81682,1642113831.82805,0.8,508.294201612473,508.296075105667,0.801121473312378,left,509.111174345016,509.112991094589,0.183936834335327,right,509.311248540878,509.312719106674,2,right,509.759425163269,0.448176622390747,510.27827501297,1.05182337760925,511.32866692543,511.330077171326,596.859289159775,596.861131181717,599.619289159775,1642114337.35102,1642114337.3529,1642114338.16799,1642114338.16981,1642114338.36807,1642114338.36954,1642114338.81625,1642114339.33509,1642114340.38549,1642114340.3869,1642114431.43611,1642114431.43795,1
90,4,1,90,0,valid,left,left,1642113831.81682,1642113831.82805,5,511.56208729744,511.56357216835,5.00115084648132,left,516.580626487732,516.589297056198,0.182300567626953,left,516.780700445175,516.782486200333,1,left,517.074886083603,0.294185638427734,517.580999135971,1.20581436157227,518.798119306564,518.799921035767,596.859289159775,596.861131181717,599.619289159775,1642114340.61891,1642114340.62039,1642114345.63745,1642114345.64612,1642114345.83752,1642114345.83931,1642114346.13171,1642114346.63782,1642114347.85494,1642114347.85674,1642114431.43611,1642114431.43795,1
90,4,1,90,1,invalid,left,right,1642113831.81682,1642113831.82805,3,519.031539916992,519.033241033554,3.00126028060913,left,522.049331188202,522.05348610878,0.183058977127075,right,522.249405622482,522.251157999039,2,right,522.701187133789,0.451781511306763,523.216434240341,1.04821848869324,524.266824960709,524.273036003113,596.859289159775,596.861131181717,599.619289159775,1642114348.08836,1642114348.09006,1642114351.10615,1642114351.11031,1642114351.30623,1642114351.30798,1642114351.75801,1642114352.27325,1642114353.32364,1642114353.32986,1642114431.43611,1642114431.43795,1
90,4,1,90,0,valid,right,right,1642113831.81682,1642113831.82805,1,524.500245809555,524.5018491745,1.00143122673035,right,525.517292261124,525.522824048996,0.184981822967529,right,525.717365980148,525.722768068314,2,right,526.102533102036,0.385167121887207,526.617702245712,1.11483287811279,527.73478603363,527.73977804184,596.859289159775,596.861131181717,599.619289159775,1642114353.55707,1642114353.55867,1642114354.57411,1642114354.57964,1642114354.77419,1642114354.77959,1642114355.15935,1642114355.67452,1642114356.79161,1642114356.7966,1642114431.43611,1642114431.43795,1
90,4,1,90,1,invalid,left,right,1642113831.81682,1642113831.82805,0.6,527.96820640564,527.96981716156,0.601181745529175,left,528.58510184288,528.58974814415,0.183970212936401,right,528.785176753998,528.789759159088,2,right,529.204186201096,0.419009447097778,529.718858242035,1.08099055290222,530.802596092224,530.806256055832,596.859289159775,596.861131181717,599.619289159775,1642114357.02503,1642114357.02664,1642114357.64192,1642114357.64657,1642114357.842,1642114357.84658,1642114358.26101,1642114358.77568,1642114359.85942,1642114359.86308,1642114431.43611,1642114431.43795,1
90,4,1,90,0,valid,left,left,1642113831.81682,1642113831.82805,3,531.036015748978,531.039614200592,3.00112533569336,left,534.053809404373,534.057599067688,0.182994604110718,left,534.253883361816,534.256280183792,1,left,534.58906006813,0.335176706314087,535.104200363159,1.16482329368591,536.271301984787,536.272922992706,596.859289159775,596.861131181717,599.619289159775,1642114360.09284,1642114360.09643,1642114363.11063,1642114363.11442,1642114363.3107,1642114363.3131,1642114363.64588,1642114364.16102,1642114365.32812,1642114365.32974,1642114431.43611,1642114431.43795,1
90,4,1,90,1,invalid,right,left,1642113831.81682,1642113831.82805,0.8,536.504722118378,536.506311178207,0.801164865493774,right,537.321694374084,537.32297706604,0.183880805969238,left,537.521769046783,537.523410081863,1,left,537.983896970749,0.462127923965454,538.488795995712,1.03787207603455,539.539187908173,539.54079914093,596.859289159775,596.861131181717,599.619289159775,1642114365.56154,1642114365.56313,1642114366.37851,1642114366.3798,1642114366.57859,1642114366.58023,1642114367.04072,1642114367.54562,1642114368.59601,1642114368.59762,1642114431.43611,1642114431.43795,1
90,4,1,90,1,invalid,right,left,1642113831.81682,1642113831.82805,1.1,539.772608041763,539.774190187454,1.10121893882751,right,540.889690876007,540.891191005707,0.183640241622925,left,541.089766025543,541.091350078583,1,left,541.496263027191,0.406497001647949,542.006774425507,1.09350299835205,543.107184648514,543.10881114006,596.859289159775,596.861131181717,599.619289159775,1642114368.82943,1642114368.83101,1642114369.94651,1642114369.94801,1642114370.14659,1642114370.14817,1642114370.55308,1642114371.06359,1642114372.164,1642114372.16563,1642114431.43611,1642114431.43795,1
90,4,1,90,1,invalid,left,right,1642113831.81682,1642113831.82805,2.8,543.340605258942,543.342216014862,2.80132389068604,left,546.158321619034,546.159926176071,0.183252573013306,right,546.358397006989,546.359892129898,2,right,546.710018157959,0.351621150970459,547.225386857986,1.14837884902954,548.375815868378,548.378221035004,596.859289159775,596.861131181717,599.619289159775,1642114372.39743,1642114372.39904,1642114375.21514,1642114375.21675,1642114375.41522,1642114375.41671,1642114375.76684,1642114376.28221,1642114377.43264,1642114377.43504,1642114431.43611,1642114431.43795,1
90,4,1,90,0,valid,left,left,1642113831.81682,1642113831.82805,3.3,548.609237194061,548.610844135284,3.3011679649353,left,551.927141427994,551.929329156876,0.183001756668091,left,552.1272149086,552.128918170929,1,left,552.444589138031,0.317374229431152,552.960859060287,1.18262577056885,554.14463353157,554.146314144135,596.859289159775,596.861131181717,599.619289159775,1642114377.66606,1642114377.66766,1642114380.98396,1642114380.98615,1642114381.18403,1642114381.18574,1642114381.50141,1642114382.01768,1642114383.20145,1642114383.20313,1642114431.43611,1642114431.43795,1
90,4,1,90,1,invalid,right,left,1642113831.81682,1642113831.82805,1.2,554.378055095673,554.37960100174,1.2013099193573,right,555.595174789429,555.597076177597,0.183728218078613,left,555.795250177383,555.79688501358,1,left,556.20508813858,0.409837961196899,556.71225810051,1.0901620388031,557.812670946121,557.81448507309,596.859289159775,596.861131181717,599.619289159775,1642114383.43488,1642114383.43642,1642114384.65199,1642114384.6539,1642114384.85207,1642114384.8537,1642114385.26191,1642114385.76908,1642114386.86949,1642114386.8713,1642114431.43611,1642114431.43795,1
90,4,1,90,0,valid,left,left,1642113831.81682,1642113831.82805,6,558.046089172363,558.047392129898,6.0011739730835,left,564.065001249313,564.073212146759,0.181953907012939,left,564.265075445175,564.266726016998,1,left,564.553833007812,0.288757562637329,565.065373182297,1.21124243736267,566.282494544983,566.289319992065,596.859289159775,596.861131181717,599.619289159775,1642114387.10291,1642114387.10421,1642114393.12182,1642114393.13003,1642114393.3219,1642114393.32355,1642114393.61065,1642114394.12219,1642114395.33931,1642114395.34614,1642114431.43611,1642114431.43795,1
90,4,1,90,0,valid,right,right,1642113831.81682,1642113831.82805,1.1,566.515914201736,566.517485141754,1.10120391845703,right,567.632997274399,567.63855099678,0.183864831924438,right,567.833072662354,567.834766149521,2,right,568.162621021271,0.329548358917236,568.683389186859,1.17045164108276,569.850491285324,569.85627412796,596.859289159775,596.861131181717,599.619289159775,1642114395.57273,1642114395.57431,1642114396.68982,1642114396.69537,1642114396.88989,1642114396.89159,1642114397.21944,1642114397.74021,1642114398.90731,1642114398.91309,1642114431.43611,1642114431.43795,1
90,4,1,90,1,invalid,right,left,1642113831.81682,1642113831.82805,4.9,570.083911657333,570.085452079773,4.90117239952087,right,575.002412080765,575.009808063507,0.182356119155884,left,575.202487230301,575.206293106079,1,left,575.582116127014,0.379628896713257,576.086150169373,1.12037110328674,577.219905853271,577.223062038422,596.859289159775,596.861131181717,599.619289159775,1642114399.14073,1642114399.14227,1642114404.05923,1642114404.06663,1642114404.25931,1642114404.26311,1642114404.63894,1642114405.14297,1642114406.27673,1642114406.27988,1642114431.43611,1642114431.43795,1
90,4,1,90,0,valid,right,right,1642113831.81682,1642113831.82805,5,577.453326702118,577.456185102463,5.00113129615784,right,582.471863985062,582.473769187927,0.182339191436768,right,582.671939134598,582.673752069473,2,right,582.988499164581,0.316560029983521,583.505583286285,1.18343997001648,584.689357757568,584.690696001053,596.859289159775,596.861131181717,599.619289159775,1642114406.51015,1642114406.51301,1642114411.52868,1642114411.53059,1642114411.72876,1642114411.73057,1642114412.04532,1642114412.5624,1642114413.74618,1642114413.74752,1642114431.43611,1642114431.43795,1
90,4,1,90,1,invalid,left,right,1642113831.81682,1642113831.82805,0.5,584.922778844833,584.925283193588,0.501295328140259,left,585.43964266777,585.442182064056,0.184104442596436,right,585.639712810516,585.641087055206,2,right,586.012778997421,0.373066186904907,586.523375511169,1.12693381309509,587.65713095665,587.65856719017,596.859289159775,596.861131181717,599.619289159775,1642114413.9796,1642114413.9821,1642114414.49646,1642114414.499,1642114414.69653,1642114414.69791,1642114415.0696,1642114415.5802,1642114416.71395,1642114416.71539,1642114431.43611,1642114431.43795,1
90,4,1,90,0,valid,left,left,1642113831.81682,1642113831.82805,2.1,587.890552043915,587.892336130142,2.10128593444824,left,590.008008003235,590.009770154953,0.183282136917114,left,590.20808339119,590.209724187851,1,left,590.534735202789,0.326651811599731,591.041726589203,1.17334818840027,592.225502252579,592.226904153824,596.859289159775,596.861131181717,599.619289159775,1642114416.94737,1642114416.94916,1642114419.06483,1642114419.06659,1642114419.2649,1642114419.26654,1642114419.59156,1642114420.09855,1642114421.28232,1642114421.28372,1642114431.43611,1642114431.43795,1
90,4,1,90,0,valid,right,right,1642113831.81682,1642113831.82805,0.8,592.458921909332,592.460743188858,0.801217079162598,right,593.275893688202,593.277234077454,0.183953285217285,right,593.475967645645,593.477226018906,2,right,593.868245124817,0.392277479171753,594.376303672791,1.10772252082825,595.49338722229,595.494868993759,596.859289159775,596.861131181717,599.619289159775,1642114421.51574,1642114421.51756,1642114422.33271,1642114422.33405,1642114422.53279,1642114422.53405,1642114422.92507,1642114423.43312,1642114424.55021,1642114424.55169,1642114431.43611,1642114431.43795,1
90,4,1,90,1,invalid,right,left,1642113831.81682,1642113831.82805,0.5,595.726807832718,595.728459119797,0.501285314559937,right,596.243669509888,596.245444059372,0.183878660202026,left,596.443742513657,596.445830106735,1,left,596.806678056717,0.362935543060303,597.310732603073,1.1370644569397,598.46116065979,598.46897816658,596.859289159775,596.861131181717,599.619289159775,1642114424.78363,1642114424.78528,1642114425.30049,1642114425.30226,1642114425.50056,1642114425.50265,1642114425.8635,1642114426.36755,1642114427.51798,1642114427.5258,1642114431.43611,1642114431.43795,1
90,4,1,90,0,valid,right,right,1642113831.81682,1642113831.82805,1.2,598.694581031799,598.695993185043,1.20119214057922,right,599.91170167923,599.913486003876,0.183753490447998,right,600.111777067184,600.113245010376,2,right,600.390155076981,0.278378009796143,600.895401954651,1.22162199020386,602.129194736481,602.130701065063,596.859289159775,596.861131181717,599.619289159775,1642114427.7514,1642114427.75281,1642114428.96852,1642114428.97031,1642114429.1686,1642114429.17006,1642114429.44697,1642114429.95222,1642114431.18601,1642114431.18752,1642114431.43611,1642114431.43795,1
